n,rho,eta,mu,seed,ste_tc_f1,ste_uc_f1,ste_tc_topk_f1,ste_uc_topk_f1,ste_tc_pred_size,ste_uc_pred_size,logloss_train,logloss_val,logloss_test,acc_test,btl_tc_f1,elo_tc_f1,rank_centrality_tc_f1,win_rate_tc_f1
15,0.3,0.0,0.0,42,0.8888888888883236,0.3076923076918343,0.9285714285708622,0.2499999999994375,13.0,9.0,0.6176335890692581,0.7255553378328962,0.7375624542808519,0.5238095238095238,0.9285714285708622,0.9285714285708622,0.9285714285708622,0.9285714285708622
15,0.3,0.0,0.0,43,0.12499999999986719,0.1666666666664861,0.0,0.0,15.0,11.0,0.6277965562843822,0.7017149381624406,0.7123482093910511,0.5523809523809524,0.9999999999984999,0.9999999999984999,0.9999999999984999,0.9999999999984999
15,0.3,0.0,0.0,44,0.9999999999994333,0.2666666666663111,0.9999999999994333,0.33333333333272225,15.0,12.0,0.6277592031221683,0.8007116099812797,0.7767352691411535,0.45714285714285713,0.9999999999994333,0.9999999999994333,0.9999999999994333,0.9999999999994333
15,0.3,0.0,0.0,45,0.9655172413787443,0.37499999999964845,0.9999999999994333,0.33333333333272225,14.0,13.0,0.595263190586465,0.7217619581127815,0.7732410329061166,0.5142857142857142,0.9999999999994333,0.9999999999994333,0.9999999999994333,0.9999999999994333
15,0.3,0.0,0.0,46,0.9999999999994287,0.588235294117121,0.9999999999994287,0.6666666666660555,14.0,11.0,0.5997381447968814,0.7904945134250618,0.7776709192548604,0.5142857142857142,0.9999999999994287,0.9999999999994287,0.9999999999994287,0.9999999999994287
15,0.3,0.0,0.0,47,0.14285714285698978,0.24999999999971875,0.0,0.0,13.0,7.0,0.6050931964089223,0.7063132129637013,0.743211166568916,0.4666666666666667,0.0,0.0,0.0,0.0
15,0.3,0.0,0.0,48,0.9999999999994333,0.499999999999575,0.9999999999994333,0.7999999999993399,15.0,15.0,0.6265037063580203,0.7833581889113659,0.7642238749702506,0.49523809523809526,0.9999999999994333,0.9999999999994333,0.9999999999994333,0.9999999999994333
15,0.3,0.0,0.0,49,0.499999999999375,0.3333333333329444,0.9999999999984999,0.9999999999984999,3.0,5.0,0.6106230089383389,0.6623868129431993,0.7187149352175642,0.5904761904761905,0.0,0.0,0.0,0.0
15,0.3,0.0,0.0,50,0.9999999999984999,0.3333333333329444,0.9999999999984999,0.9999999999984999,1.0,5.0,0.6056588352276848,0.7341852562161943,0.6922522711374592,0.5428571428571428,0.9999999999984999,0.9999999999984999,0.9999999999984999,0.9999999999984999
15,0.3,0.0,0.0,51,0.8888888888883291,0.33333333333290277,0.9999999999994333,0.6666666666659444,12.0,9.0,0.5943648864970408,0.7765952073164729,0.7918095101565803,0.4857142857142857,0.9999999999994333,0.9999999999994333,0.9999999999994333,0.9999999999994333
15,0.3,0.0,0.1,42,0.8799999999994369,0.3636363636358347,0.9285714285708622,0.49999999999937494,11.0,7.0,0.6005059343429244,0.7459269191894033,0.7724296610279199,0.4631578947368421,0.9999999999994287,0.9999999999994287,0.9999999999994287,0.9999999999994287
15,0.3,0.0,0.1,43,0.0,0.24999999999971875,0.0,0.0,1.0,7.0,0.6184404505279624,0.7676443842589669,0.6473933838005332,0.631578947368421,0.0,0.0,0.0,0.0
15,0.3,0.0,0.1,44,0.9999999999994333,0.37499999999964845,0.9999999999994333,0.6666666666659444,15.0,13.0,0.6230618092331354,0.682604782460149,0.7639145101605479,0.5052631578947369,0.9999999999994333,0.9999999999994333,0.9999999999994333,0.9999999999994333
15,0.3,0.0,0.1,45,0.9655172413787443,0.24999999999966407,0.9999999999994333,0.33333333333272225,14.0,13.0,0.6030169454588205,0.7173836705717701,0.6799504422041289,0.5684210526315789,0.9999999999994333,0.9999999999994333,0.9999999999994333,0.9999999999994333
15,0.3,0.0,0.1,46,0.9285714285708622,0.666666666666148,0.9285714285708622,0.4999999999994167,14.0,12.0,0.6174870333962906,0.7485368808903605,0.7329232778901018,0.4842105263157895,0.9285714285708622,0.9285714285708622,0.9285714285708622,0.9285714285708622
15,0.3,0.0,0.1,47,0.18181818181798345,0.24999999999971875,0.9999999999984999,0.9999999999984999,10.0,7.0,0.598093460243822,0.6992534122118768,0.7455793439323499,0.49473684210526314,0.0,0.0,0.9999999999984999,0.9999999999984999
15,0.3,0.0,0.1,48,0.9999999999994333,0.5882352941171626,0.9999999999994333,0.7999999999993399,15.0,12.0,0.6084442126595602,0.7541155895954157,0.6905304807065428,0.6,0.9999999999994333,0.9999999999994333,0.9999999999994333,0.9999999999994333
15,0.3,0.0,0.1,49,0.14285714285698978,0.18181818181798345,0.9999999999984999,0.9999999999984999,13.0,10.0,0.6092996078523771,0.6797143799950603,0.7500477262299112,0.5263157894736842,0.0,0.0,0.0,0.0
15,0.3,0.0,0.1,50,0.0,0.18181818181798345,0.0,0.0,12.0,10.0,0.5895333883007308,0.7381715305350997,0.6799547072075626,0.5789473684210527,0.0,0.0,0.0,0.0
15,0.3,0.0,0.1,51,0.12499999999986719,0.36363636363590085,0.9999999999994333,0.0,1.0,8.0,0.5784022264790704,0.8152503929632527,0.8147717010500015,0.47368421052631576,0.9999999999994333,0.9999999999994333,0.9999999999994333,0.9999999999994333
15,0.3,0.0,0.3,42,0.1333333333331911,0.1428571428567143,0.9999999999994287,0.2499999999994375,1.0,10.0,0.6125062124347698,0.7737198020386076,0.7021533427342791,0.4931506849315068,0.9999999999994287,0.9285714285708622,0.9999999999994287,0.9999999999994287
15,0.3,0.0,0.3,43,0.22222222222197527,0.0,0.0,0.0,8.0,10.0,0.6409538580527385,0.7200442563463332,0.6853816402232119,0.5616438356164384,0.0,0.0,0.0,0.0
15,0.3,0.0,0.3,44,0.7999999999994559,0.2666666666663111,0.9999999999994333,0.0,10.0,12.0,0.5917306466582348,0.721909163787634,0.8082207487248478,0.4520547945205479,0.9999999999994333,0.9999999999994333,0.9999999999994333,0.9999999999994333
15,0.3,0.0,0.3,45,0.9285714285708647,0.49999999999954164,0.9999999999994333,0.33333333333272225,13.0,9.0,0.5963279049742056,0.7763769027832575,0.6826524944998194,0.6301369863013698,0.9999999999994333,0.9999999999994333,0.9999999999994333,0.9999999999994333
15,0.3,0.0,0.3,46,0.846153846153284,0.4444444444439506,0.9285714285708622,0.16666666666613889,12.0,12.0,0.6222572337811593,0.8289901909660714,0.7503733328639681,0.5616438356164384,0.9285714285708622,0.9285714285708622,0.9285714285708622,0.9285714285708622
15,0.3,0.0,0.3,47,0.19999999999978,0.22222222222197527,0.0,0.9999999999984999,9.0,8.0,0.5799073707663854,0.6749822991118779,0.7308237798287264,0.5068493150684932,0.9999999999984999,0.0,0.9999999999984999,0.9999999999984999
15,0.3,0.0,0.3,48,0.6956521739125292,0.4999999999995078,0.9999999999994333,0.5999999999993799,8.0,11.0,0.6119378064416596,0.8202320617151041,0.7407239775145615,0.547945205479452,0.9999999999994333,0.9999999999994333,0.9999999999994333,0.9999999999994333
15,0.3,0.0,0.3,49,0.22222222222197527,0.19999999999978,0.0,0.0,8.0,9.0,0.6211477845221336,0.7008819753477152,0.7294422618312866,0.547945205479452,0.9999999999984999,0.9999999999984999,0.9999999999984999,0.9999999999984999
15,0.3,0.0,0.3,50,0.2857142857139591,0.19999999999978,0.0,0.9999999999984999,6.0,9.0,0.608459932374484,0.6263217290925756,0.7102424195012331,0.547945205479452,0.9999999999984999,0.0,0.9999999999984999,0.9999999999984999
15,0.3,0.0,0.3,51,0.12499999999986719,0.36363636363590085,0.9999999999994333,0.6666666666659444,1.0,8.0,0.556919352850604,0.7953437572143491,0.7569358536418593,0.5753424657534246,0.9999999999994333,0.9999999999994333,0.9999999999994333,0.9999999999994333
15,0.3,0.05,0.0,42,0.9285714285708622,0.2857142857138367,0.9285714285708622,0.2499999999994375,14.0,10.0,0.6109998985329588,0.7306720651876857,0.724057891829553,0.5714285714285714,0.9285714285708622,0.9285714285708622,0.9285714285708622,0.9285714285708622
15,0.3,0.05,0.0,43,0.12499999999986719,0.14285714285698978,0.0,0.0,15.0,13.0,0.6321177187005729,0.7415326475100329,0.727300333475324,0.5523809523809524,0.9999999999984999,0.9999999999984999,0.9999999999984999,0.9999999999984999
15,0.3,0.05,0.0,44,0.9999999999994333,0.33333333333301846,0.9999999999994333,0.0,15.0,15.0,0.6249051512991278,0.7852674972681593,0.8060436144991964,0.4380952380952381,0.9999999999994333,0.9999999999994333,0.9999999999994333,0.9999999999994333
15,0.3,0.05,0.0,45,0.9999999999994333,0.352941176470256,0.9999999999994333,0.33333333333272225,15.0,14.0,0.6133823803407082,0.7205916479847245,0.7362922102807159,0.5619047619047619,0.9999999999994333,0.9999999999994333,0.9999999999994333,0.9999999999994333
15,0.3,0.05,0.0,46,0.9629629629623923,0.588235294117121,0.9999999999994287,0.6666666666660555,13.0,11.0,0.6052444851855476,0.7826972714866304,0.7576746941713122,0.5428571428571428,0.9999999999994287,0.9999999999994287,0.9999999999994287,0.9999999999994287
15,0.3,0.05,0.0,47,0.14285714285698978,0.0,0.0,0.0,13.0,9.0,0.613003997500934,0.706927865545964,0.7267574758262901,0.4857142857142857,0.0,0.0,0.0,0.0
15,0.3,0.05,0.0,48,0.9999999999994333,0.526315789473241,0.9999999999994333,0.39999999999942,15.0,14.0,0.6273496044955896,0.7739299360421708,0.7568132368124406,0.4666666666666667,0.9999999999994333,0.9999999999994333,0.9999999999994333,0.9999999999994333
15,0.3,0.05,0.0,49,0.9999999999984999,0.3333333333329444,0.9999999999984999,0.9999999999984999,1.0,5.0,0.6192345710794505,0.6788070387401127,0.7169853197575702,0.6,0.9999999999984999,0.0,0.9999999999984999,0.0
15,0.3,0.05,0.0,50,0.12499999999986719,0.15384615384598815,0.9999999999984999,0.9999999999984999,15.0,12.0,0.6143682589058287,0.7207627256419373,0.6895548642602933,0.5333333333333333,0.9999999999984999,0.9999999999984999,0.9999999999984999,0.9999999999984999
15,0.3,0.05,0.0,51,0.9655172413787443,0.33333333333290277,0.9999999999994333,0.6666666666659444,14.0,9.0,0.6005366356949405,0.7757841805703747,0.8180906627737329,0.4380952380952381,0.9999999999994333,0.9999999999994333,0.9999999999994333,0.9999999999994333
15,0.3,0.05,0.1,42,0.8799999999994369,0.3636363636358347,0.9999999999994287,0.49999999999937494,11.0,7.0,0.6080152683392804,0.7432795253934967,0.7344957489671446,0.4842105263157895,0.9999999999994287,0.9999999999994287,0.9999999999994287,0.9999999999994287
15,0.3,0.05,0.1,43,0.1666666666664861,0.24999999999971875,0.0,0.0,11.0,7.0,0.6229178306100089,0.7871843631049209,0.6677315997807644,0.5789473684210527,0.0,0.0,0.0,0.0
15,0.3,0.05,0.1,44,0.9999999999994333,0.3999999999996266,0.9999999999994333,0.6666666666659444,15.0,12.0,0.6169851994844094,0.7049651461507792,0.7820913982469192,0.5368421052631579,0.9999999999994333,0.9999999999994333,0.9999999999994333,0.9999999999994333
15,0.3,0.05,0.1,45,0.9999999999994333,0.37499999999964845,0.9999999999994333,0.33333333333272225,15.0,13.0,0.6159246358223294,0.7125551482283281,0.6734968748356108,0.5789473684210527,0.9999999999994333,0.9999999999994333,0.9999999999994333,0.9999999999994333
15,0.3,0.05,0.1,46,0.9655172413787443,0.6315789473679224,0.9999999999994287,0.4999999999994167,15.0,13.0,0.6191784587663666,0.7322421795144539,0.7402362556695729,0.4631578947368421,0.9285714285708622,0.9285714285708622,0.9285714285708622,0.9285714285708622
15,0.3,0.05,0.1,47,0.12499999999986719,0.18181818181798345,0.9999999999984999,0.9999999999984999,15.0,10.0,0.6087708712643578,0.7256111053037263,0.7356257636984482,0.5157894736842106,0.0,0.0,0.0,0.0
15,0.3,0.05,0.1,48,0.9999999999994333,0.5882352941171626,0.9999999999994333,0.9999999999992999,15.0,12.0,0.615619794422409,0.7544264105206948,0.7160549278539093,0.5473684210526316,0.9999999999994333,0.9999999999994333,0.9999999999994333,0.9999999999994333
15,0.3,0.05,0.1,49,0.9999999999984999,0.39999999999952,0.9999999999984999,0.9999999999984999,1.0,4.0,0.619032599608668,0.6687549902965875,0.7673719952468058,0.5157894736842106,0.0,0.9999999999984999,0.9999999999984999,0.0
15,0.3,0.05,0.1,50,0.1666666666664861,0.18181818181798345,0.0,0.0,11.0,10.0,0.6032781288990788,0.7450031026305745,0.7056167090648109,0.5052631578947369,0.0,0.0,0.0,0.0
15,0.3,0.05,0.1,51,0.9285714285708647,0.36363636363590085,0.9999999999994333,0.33333333333272225,13.0,8.0,0.583719366596882,0.8147181418581007,0.8560772688978068,0.42105263157894735,0.9999999999994333,0.9999999999994333,0.9999999999994333,0.9999999999994333
15,0.3,0.05,0.3,42,0.8799999999994369,0.35294117647018686,0.9999999999994287,0.49999999999937494,11.0,13.0,0.6185339794439332,0.780975572177631,0.6754360208246258,0.547945205479452,0.9999999999994287,0.9285714285708622,0.9999999999994287,0.9999999999994287
15,0.3,0.05,0.3,43,0.0,0.1666666666664861,0.0,0.0,1.0,11.0,0.6430082879283512,0.7166041680456389,0.7214208260096651,0.547945205479452,0.0,0.0,0.0,0.0
15,0.3,0.05,0.3,44,0.7999999999994559,0.28571428571390817,0.9999999999994333,0.0,10.0,11.0,0.604722270552436,0.7529403544420669,0.798376400807077,0.4794520547945205,0.9999999999994333,0.9999999999994333,0.9999999999994333,0.9999999999994333
15,0.3,0.05,0.3,45,0.8888888888883291,0.49999999999954164,0.9999999999994333,0.0,12.0,9.0,0.6142396334693604,0.7336168551276472,0.6683323880046236,0.6301369863013698,0.9999999999994333,0.9999999999994333,0.9999999999994333,0.9999999999994333
15,0.3,0.05,0.3,46,0.7272727272721985,0.4444444444439506,0.9285714285708622,0.33333333333277776,8.0,12.0,0.6264519068056056,0.8026137684430193,0.7436043364838548,0.5205479452054794,0.9285714285708622,0.9285714285708622,0.9285714285708622,0.9285714285708622
15,0.3,0.05,0.3,47,0.19999999999978,0.18181818181798345,0.9999999999984999,0.9999999999984999,9.0,10.0,0.6002744000994529,0.6651012298306911,0.7404922496658977,0.4520547945205479,0.9999999999984999,0.9999999999984999,0.9999999999984999,0.9999999999984999
15,0.3,0.05,0.3,48,0.7499999999994686,0.4999999999995078,0.9999999999994333,0.39999999999942,9.0,11.0,0.6168149508861989,0.8264490301040408,0.757900573156687,0.4931506849315068,0.9999999999994333,0.9999999999994333,0.9999999999994333,0.9999999999994333
15,0.3,0.05,0.3,49,0.22222222222197527,0.1666666666664861,0.0,0.0,8.0,11.0,0.6193362911320272,0.748321088269227,0.74687701632797,0.5068493150684932,0.9999999999984999,0.0,0.9999999999984999,0.9999999999984999
15,0.3,0.05,0.3,50,0.9999999999984999,0.19999999999978,0.9999999999984999,0.0,1.0,9.0,0.6218179495542072,0.6475938874616948,0.7681161005345488,0.4657534246575342,0.9999999999984999,0.0,0.9999999999984999,0.9999999999984999
15,0.3,0.05,0.3,51,0.12499999999986719,0.3999999999995,0.9999999999994333,0.6666666666659444,1.0,7.0,0.5695362355566149,0.7636370307334259,0.8048674468960514,0.4520547945205479,0.9999999999994333,0.9999999999994333,0.9999999999994333,0.9999999999994333
15,0.3,0.1,0.0,42,0.9655172413787443,0.37499999999957817,0.9285714285708622,0.2499999999994375,15.0,12.0,0.6066638421629748,0.7611187263946443,0.7507001181365711,0.5523809523809524,0.9285714285708622,0.9285714285708622,0.9285714285708622,0.9285714285708622
15,0.3,0.1,0.0,43,0.12499999999986719,0.15384615384598815,0.0,0.0,15.0,12.0,0.633275925435904,0.76461506037094,0.7251622319300953,0.580952380952381,0.0,0.0,0.0,0.0
15,0.3,0.1,0.0,44,0.9999999999994333,0.37499999999964845,0.9999999999994333,0.6666666666659444,15.0,13.0,0.6276829611364644,0.7674658048350715,0.7903714529844347,0.42857142857142855,0.9999999999994333,0.9999999999994333,0.9999999999994333,0.9999999999994333
15,0.3,0.1,0.0,45,0.9999999999994333,0.352941176470256,0.9999999999994333,0.0,15.0,14.0,0.6224628507182699,0.7094460687496348,0.7808181608978634,0.5142857142857142,0.9999999999994333,0.9999999999994333,0.9999999999994333,0.9999999999994333
15,0.3,0.1,0.0,46,0.9655172413787443,0.5555555555550494,0.9999999999994287,0.4999999999994167,15.0,12.0,0.6105796943391757,0.783240004166379,0.757357833173633,0.5238095238095238,0.9999999999994287,0.9285714285708622,0.9999999999994287,0.9999999999994287
15,0.3,0.1,0.0,47,0.14285714285698978,0.18181818181798345,0.0,0.0,13.0,10.0,0.605404162275754,0.6785617815143369,0.7185825875458047,0.5047619047619047,0.0,0.0,0.0,0.0
15,0.3,0.1,0.0,48,0.9655172413787443,0.4705882352936471,0.9999999999994333,0.39999999999942,14.0,12.0,0.6288914339486125,0.7517261155907329,0.7639914719294666,0.44761904761904764,0.9999999999994333,0.9999999999994333,0.9999999999994333,0.9999999999994333
15,0.3,0.1,0.0,49,0.0,0.499999999999375,0.0,0.0,1.0,3.0,0.6224302624165882,0.6834037506143917,0.7618029174122515,0.5904761904761905,0.0,0.0,0.0,0.0
15,0.3,0.1,0.0,50,0.1333333333331911,0.18181818181798345,0.9999999999984999,0.9999999999984999,14.0,10.0,0.6285096524940857,0.6825274602937791,0.6751878952400492,0.5714285714285714,0.9999999999984999,0.9999999999984999,0.9999999999984999,0.9999999999984999
15,0.3,0.1,0.0,51,0.9999999999994333,0.3999999999996266,0.9999999999994333,0.33333333333272225,15.0,12.0,0.6192823956772519,0.7474073487922734,0.817854043345189,0.42857142857142855,0.9999999999994333,0.9999999999994333,0.9999999999994333,0.9999999999994333
15,0.3,0.1,0.1,42,0.8333333333327776,0.3636363636358347,0.9999999999994287,0.49999999999937494,10.0,7.0,0.6117256476331827,0.7522985898493009,0.7255911094992247,0.49473684210526314,0.9999999999994287,0.9999999999994287,0.9999999999994287,0.9999999999994287
15,0.3,0.1,0.1,43,0.1666666666664861,0.1666666666664861,0.0,0.0,11.0,11.0,0.6303064872833922,0.7762174793696633,0.6683365499630085,0.5368421052631579,0.0,0.0,0.0,0.0
15,0.3,0.1,0.1,44,0.9655172413787443,0.3999999999996266,0.9999999999994333,0.6666666666659444,14.0,12.0,0.6156425659214142,0.6983458066036489,0.7727865471083146,0.5263157894736842,0.9999999999994333,0.9999999999994333,0.9999999999994333,0.9999999999994333
15,0.3,0.1,0.1,45,0.9999999999994333,0.352941176470256,0.9999999999994333,0.33333333333272225,15.0,14.0,0.6263982426409098,0.6903673480577855,0.7140687078941367,0.5684210526315789,0.9999999999994333,0.9999999999994333,0.9999999999994333,0.9999999999994333
15,0.3,0.1,0.1,46,0.9655172413787443,0.666666666666148,0.9285714285708622,0.8333333333326944,15.0,12.0,0.6231386970785602,0.751105211796381,0.7447539570877357,0.4631578947368421,0.9285714285708622,0.9285714285708622,0.9285714285708622,0.9285714285708622
15,0.3,0.1,0.1,47,0.12499999999986719,0.15384615384598815,0.0,0.0,15.0,12.0,0.5977963077737195,0.6939113091929672,0.7789160641563939,0.4842105263157895,0.0,0.0,0.0,0.0
15,0.3,0.1,0.1,48,0.9655172413787443,0.499999999999575,0.9999999999994333,0.5999999999993799,14.0,15.0,0.6141295914454793,0.7806345955735643,0.6943874997003104,0.5368421052631579,0.9999999999994333,0.9999999999994333,0.9999999999994333,0.9999999999994333
15,0.3,0.1,0.1,49,0.1666666666664861,0.18181818181798345,0.9999999999984999,0.9999999999984999,11.0,10.0,0.6172213463183381,0.682981436880154,0.7800453931870788,0.5263157894736842,0.9999999999984999,0.9999999999984999,0.9999999999984999,0.9999999999984999
15,0.3,0.1,0.1,50,0.12499999999986719,0.15384615384598815,0.0,0.9999999999984999,15.0,12.0,0.6040685760310834,0.7484073609377582,0.7156649878738113,0.5263157894736842,0.0,0.0,0.0,0.0
15,0.3,0.1,0.1,51,0.9285714285708647,0.33333333333290277,0.9999999999994333,0.33333333333272225,13.0,9.0,0.6058960548304471,0.7820186991698271,0.8249185682359361,0.42105263157894735,0.9999999999994333,0.9999999999994333,0.9999999999994333,0.9999999999994333
15,0.3,0.1,0.3,42,0.7826086956516295,0.26666666666624,0.9999999999994287,0.49999999999937494,9.0,11.0,0.6197679067479445,0.7926009827436858,0.7044807267999695,0.5616438356164384,0.9999999999994287,0.9285714285708622,0.9999999999994287,0.9999999999994287
15,0.3,0.1,0.3,43,0.22222222222197527,0.19999999999978,0.0,0.0,8.0,9.0,0.6438518937845983,0.6909442384468228,0.6938348738567546,0.547945205479452,0.0,0.0,0.0,0.0
15,0.3,0.1,0.3,44,0.7499999999994686,0.30769230769190536,0.9999999999994333,0.33333333333272225,9.0,10.0,0.6063783823318716,0.7607650824991017,0.7848312306336399,0.4794520547945205,0.9999999999994333,0.9999999999994333,0.9999999999994333,0.9999999999994333
15,0.3,0.1,0.3,45,0.8888888888883291,0.3999999999996266,0.9999999999994333,0.0,12.0,12.0,0.6195435558778841,0.6901910241591709,0.7364120222453907,0.5753424657534246,0.9999999999994333,0.9999999999994333,0.9999999999994333,0.9999999999994333
15,0.3,0.1,0.3,46,0.8799999999994369,0.4444444444439506,0.9285714285708622,0.33333333333277776,11.0,12.0,0.6248938453294264,0.8086662718988967,0.7655293941788595,0.4794520547945205,0.9285714285708622,0.9285714285708622,0.9285714285708622,0.9285714285708622
15,0.3,0.1,0.3,47,0.1666666666664861,0.18181818181798345,0.0,0.0,11.0,10.0,0.6059175645132833,0.671436189275647,0.7359497660167659,0.4794520547945205,0.0,0.0,0.9999999999984999,0.0
15,0.3,0.1,0.3,48,0.42105263157857065,0.5714285714280306,0.9999999999994333,0.5999999999993799,4.0,9.0,0.6263959089184064,0.8224502927719016,0.7567852938212691,0.4520547945205479,0.9999999999994333,0.9999999999994333,0.9999999999994333,0.9999999999994333
15,0.3,0.1,0.3,49,0.0,0.22222222222197527,0.0,0.0,1.0,8.0,0.6186003111015981,0.7497162484933096,0.7783799814120037,0.5068493150684932,0.0,0.0,0.0,0.0
15,0.3,0.1,0.3,50,0.9999999999984999,0.15384615384598815,0.9999999999984999,0.9999999999984999,1.0,12.0,0.6231136982012655,0.6373790962071171,0.7360756520802347,0.4794520547945205,0.9999999999984999,0.0,0.9999999999984999,0.9999999999984999
15,0.3,0.1,0.3,51,0.12499999999986719,0.49999999999954164,0.9999999999994333,0.33333333333272225,1.0,9.0,0.5955427942089027,0.7113818162208302,0.8204663831932265,0.4794520547945205,0.9999999999994333,0.9999999999994333,0.9999999999994333,0.9999999999994333
